<?xml version="1.0" encoding="UTF-8"?>
<org.olat.course.Structure>
  <rootNode class="org.olat.course.nodes.STCourseNode">
    <ident>87242658694099</ident>
    <children>
      <org.olat.course.nodes.IQTESTCourseNode>
        <ident>87242658694106</ident>
        <parent class="org.olat.course.nodes.STCourseNode" reference="../../.."/>
        <type>iqtest</type>
        <shortTitle>Test</shortTitle>
        <longTitle>Course element of the type Test</longTitle>
        <moduleConfiguration>
          <config>
            <entry>
              <string>summary</string>
              <string>summaryCompact</string>
            </entry>
            <entry>
              <string>configversion</string>
              <int>2</int>
            </entry>
            <entry>
              <string>enableSuspend</string>
              <boolean>false</boolean>
            </entry>
            <entry>
              <string>maxscore</string>
              <null/>
            </entry>
            <entry>
              <string>repoSoftkey</string>
              <string>myopenolat_1_87242658694111</string>
            </entry>
            <entry>
              <string>mode</string>
              <string>Assessment</string>
            </entry>
            <entry>
              <string>minscore</string>
              <null/>
            </entry>
            <entry>
              <string>renderMenu</string>
              <boolean>false</boolean>
            </entry>
            <entry>
              <string>cutvalue</string>
              <null/>
            </entry>
            <entry>
              <string>sequence</string>
              <string>itemPage</string>
            </entry>
            <entry>
              <string>enableScoreInfo</string>
              <boolean>true</boolean>
            </entry>
            <entry>
              <string>enableCancel</string>
              <boolean>false</boolean>
            </entry>
            <entry>
              <string>enableMenu</string>
              <boolean>true</boolean>
            </entry>
          </config>
        </moduleConfiguration>
        <noAccessExplanation>This course element is not accessible.</noAccessExplanation>
        <preConditionVisibility>
          <expertMode>false</expertMode>
          <easyModeCoachesAndAdmins>false</easyModeCoachesAndAdmins>
          <easyModeAlwaysAllowCoachesAndAdmins>false</easyModeAlwaysAllowCoachesAndAdmins>
        </preConditionVisibility>
        <preConditionAccess>
          <expertMode>false</expertMode>
          <easyModeCoachesAndAdmins>false</easyModeCoachesAndAdmins>
          <easyModeAlwaysAllowCoachesAndAdmins>false</easyModeAlwaysAllowCoachesAndAdmins>
        </preConditionAccess>
      </org.olat.course.nodes.IQTESTCourseNode>
    </children>
    <type>st</type>
    <shortTitle>eAssessment Course</shortTitle>
    <longTitle>eAssessment Course</longTitle>
    <learningObjectives></learningObjectives>
    <moduleConfiguration>
      <config>
        <entry>
          <string>allowRelativeLinks</string>
          <string>false</string>
        </entry>
        <entry>
          <string>configversion</string>
          <int>3</int>
        </entry>
        <entry>
          <string>columns</string>
          <int>2</int>
        </entry>
        <entry>
          <string>display</string>
          <string>peekview</string>
        </entry>
      </config>
    </moduleConfiguration>
    <preConditionVisibility>
      <expertMode>false</expertMode>
      <easyModeCoachesAndAdmins>false</easyModeCoachesAndAdmins>
      <easyModeAlwaysAllowCoachesAndAdmins>false</easyModeAlwaysAllowCoachesAndAdmins>
    </preConditionVisibility>
    <preConditionAccess>
      <expertMode>false</expertMode>
      <easyModeCoachesAndAdmins>false</easyModeCoachesAndAdmins>
      <easyModeAlwaysAllowCoachesAndAdmins>false</easyModeAlwaysAllowCoachesAndAdmins>
    </preConditionAccess>
    <scoreCalculator>
      <expertMode>false</expertMode>
      <passedCutValue>0</passedCutValue>
    </scoreCalculator>
  </rootNode>
  <version>3</version>
</org.olat.course.Structure>